<?xml version="1.0" encoding="UTF-8"?>
<beans xmlns="http://www.springframework.org/schema/beans"
	xmlns:xsi="http://www.w3.org/2001/XMLSchema-instance" xmlns:p="http://www.springframework.org/schema/p"
	xmlns:mvc="http://www.springframework.org/schema/mvc" xmlns:context="http://www.springframework.org/schema/context"
	xsi:schemaLocation="http://www.springframework.org/schema/beans http://www.springframework.org/schema/beans/spring-beans-3.0.xsd
	http://www.springframework.org/schema/aop http://www.springframework.org/schema/aop/spring-aop-3.0.xsd   
    http://www.springframework.org/schema/tx http://www.springframework.org/schema/tx/spring-tx-3.0.xsd 
	http://www.springframework.org/schema/context http://www.springframework.org/schema/context/spring-context-3.0.xsd">

	<!--上传图片时用 -->
	<bean id="multipartResolver"
		class="org.springframework.web.multipart.commons.CommonsMultipartResolver" />

    <bean class="org.springframework.web.servlet.mvc.method.annotation.RequestMappingHandlerMapping"/>  
  
    <bean class="org.springframework.web.servlet.mvc.method.annotation.RequestMappingHandlerAdapter">  
        <property name="messageConverters">  
            <ref bean="mappingJacksonHttpMessageConverter" />  
        </property>  
    </bean>       
    <bean id="mappingJacksonHttpMessageConverter"  
        class="org.springframework.http.converter.json.MappingJacksonHttpMessageConverter" />  
        

	<bean id="localeResolver"
		class="org.springframework.web.servlet.i18n.CookieLocaleResolver">
		<property name="cookieName" value="clientlanguage" />
		<property name="cookieMaxAge" value="-1" />
	</bean>

	<bean id="freemarkerViewResolver"
		class="com.caland.common.web.springmvc.RichFreeMarkerViewResolver">
		<property name="prefix" value="/" />
		<property name="suffix" value=".html" />
		<property name="contentType" value="text/html; charset=UTF-8" />
		<property name="exposeRequestAttributes" value="false" />
		<property name="exposeSessionAttributes" value="false" />
		<property name="exposeSpringMacroHelpers" value="true" />
	</bean>
	<bean id="freemarkerConfig"
		class="org.springframework.web.servlet.view.freemarker.FreeMarkerConfigurer">
		<property name="templateLoaderPath" value="/WEB-INF/front" />
		<property name="freemarkerSettings">
			<props>
				<prop key="tag_syntax">auto_detect</prop>
				<prop key="template_update_delay">0</prop>
				<prop key="defaultEncoding">UTF-8</prop>
				<prop key="url_escaping_charset">UTF-8</prop>
				<prop key="locale">zh_CN</prop>
				<prop key="boolean_format">true,false</prop>
				<prop key="datetime_format">yyyy-MM-dd HH:mm:ss</prop>
				<prop key="date_format">yyyy-MM-dd</prop>
				<prop key="time_format">HH:mm:ss</prop>
				<prop key="number_format">0.######</prop>
				<prop key="whitespace_stripping">true</prop>
				<!--空值处理 -->
				<prop key="classic_compatible">true</prop>
			</props>
		</property>
	</bean>
	<!-- 使用Annotation自动注册Bean,只扫描@Controller -->
	<context:component-scan base-package="com"
		use-default-filters="false"><!-- base-package 如果多个，用“,”分隔 -->
		<context:include-filter type="annotation"
			expression="org.springframework.stereotype.Controller" />
	</context:component-scan>
	<context:annotation-config />
</beans>